{"cameraMode":{"drawMode":0,"name":"Shaded","section":"Shading Mode"},"sceneLighting":false,"audioPlay":false,"sceneViewState":{"showFog":true,"showMaterialUpdate":true,"showSkybox":false,"showFlares":true,"showImageEffects":true,"showParticleSystems":true},"in2DMode":false,"pivot":{"x":-1.773068904876709,"y":1.1948163509368897,"z":-4.380616188049316},"rotation":{"x":0.09215212613344193,"y":0.8570626974105835,"z":-0.16475173830986024,"w":0.4794076383113861},"size":1.370942234992981,"orthographic":false}